<step title="Incoming Request" date="2025-09-03T20:58:08.352" instance="88792b" url="/deploy?scmType=ExternalGit&amp;isAsync=true" method="POST" type="request" pid="801,1,7" Host="dbi-operations-hub.scm.azurewebsites.net" User-Agent="Azure-WebSites-Controller/105.0.7.62" Authorization="Bas..." Expect="100-continue" Content-Length="91" x-ms-request-id="150cbf3a-28da-4990-901e-d2b6afc6ef27" X-ARR-LOG-ID="150cbf3a-28da-4990-901e-d2b6afc6ef27" CLIENT-IP="20.115.232.20:2690" X-SITE-DEPLOYMENT-ID="dbi-operations-hub" WAS-DEFAULT-HOSTNAME="dbi-operations-hub.scm.azurewebsites.net" X-MS-PLATFORM-INTERNAL="True" X-Forwarded-Proto="https" X-AppService-Proto="https" X-Forwarded-TlsVersion="1.3" X-WAWS-Unencoded-URL="/deploy?scmType=ExternalGit&amp;isAsync=true" X-Client-IP="20.115.232.20" X-Client-Port="2690" >
  <step title="FetchHandler" date="2025-09-03T20:58:08.399" >
    <step title="GitExeRepository.Initialize" date="2025-09-03T20:58:09.432" >
      <step title="Executing external process" date="2025-09-03T20:58:09.439" type="process" path="git" arguments="init" /><!-- duration: 290ms -->
      <step title="Executing external process" date="2025-09-03T20:58:09.736" type="process" path="git" arguments="config core.autocrlf false" /><!-- duration: 20ms -->
      <step title="Executing external process" date="2025-09-03T20:58:09.760" type="process" path="git" arguments="config core.preloadindex true" /><!-- duration: 46ms -->
      <step title="Executing external process" date="2025-09-03T20:58:09.811" type="process" path="git" arguments="config user.name &quot;unknown&quot;" /><!-- duration: 23ms -->
      <step title="Executing external process" date="2025-09-03T20:58:09.839" type="process" path="git" arguments="config user.email &quot;unknown&quot;" /><!-- duration: 23ms -->
      <step title="Executing external process" date="2025-09-03T20:58:09.866" type="process" path="git" arguments="config filter.lfs.clean &quot;git-lfs clean %f&quot;" /><!-- duration: 57ms -->
      <step title="Executing external process" date="2025-09-03T20:58:09.926" type="process" path="git" arguments="config filter.lfs.smudge &quot;git-lfs smudge %f&quot;" /><!-- duration: 28ms -->
      <step title="Executing external process" date="2025-09-03T20:58:09.957" type="process" path="git" arguments="config filter.lfs.required true" /><!-- duration: 51ms -->
      <step title="Configure git server" date="2025-09-03T20:58:10.012" >
        <step title="Executing external process" date="2025-09-03T20:58:10.015" type="process" path="git" arguments="config receive.denyCurrentBranch ignore" /><!-- duration: 29ms -->
      </step><!-- duration: 36ms -->
      <step title="Create deny users for .git folder" date="2025-09-03T20:58:10.051" /><!-- duration: 35ms -->
      <step title="Configure git-credential" date="2025-09-03T20:58:10.089" >
        <step title="Executing external process" date="2025-09-03T20:58:10.106" type="process" path="git" arguments="config credential.helper &quot;!&apos;/home/site/repository/.git/hooks/git-credential-invalid.sh&apos;&quot;" /><!-- duration: 21ms -->
      </step><!-- duration: 41ms -->
      <step title="Setup post receive hook" date="2025-09-03T20:58:10.133" >
        <step title="Non-Windows enviroment, granting 755 permission to post-receive hook file" date="2025-09-03T20:58:10.152" /><!-- duration: 28ms -->
      </step><!-- duration: 66ms -->
    </step><!-- duration: 770ms -->
    <step title="Executing external process" date="2025-09-03T20:58:10.207" type="process" path="git" arguments="log -n 1 main --" >
      <step title="Process dump" date="2025-09-03T20:58:10.235" exitCode="128" type="processOutput" /><!-- duration: 3ms -->
    </step><!-- duration: 35ms -->
    <step title="Start deployment in the background" date="2025-09-03T20:58:10.247" >
      <step title="Executing external process" date="2025-09-03T20:58:10.258" type="process" path="git" arguments="rev-parse --git-dir" /><!-- duration: 38ms -->
      <step title="Executing external process" date="2025-09-03T20:58:10.304" type="process" path="git" arguments="rev-parse --git-dir" /><!-- duration: 21ms -->
      <step title="Executing external process" date="2025-09-03T20:58:10.329" type="process" path="git" arguments="log -n 1 main --" >
        <step title="Process dump" date="2025-09-03T20:58:10.354" exitCode="128" type="processOutput" /><!-- duration: 6ms -->
      </step><!-- duration: 33ms -->
      <step title="Acquiring Deployment Lock" date="2025-09-03T20:58:10.366" /><!-- duration: 3ms -->
      <step title="Acquired Deployment Lock" date="2025-09-03T20:58:10.425" /><!-- duration: 5ms -->
    </step><!-- duration: 285ms -->
  </step><!-- duration: 2140ms -->
  <step title="Outgoing response" date="2025-09-03T20:58:10.547" type="response" statusCode="202" statusText="Accepted" /><!-- duration: 3ms -->
</step><!-- duration: 2201ms -->
