<step title="Incoming Request" date="2025-09-03T21:02:04.114" instance="88792b" url="/deploy?scmType=ExternalGit&amp;isAsync=true" method="POST" type="request" pid="801,1,3" Host="dbi-operations-hub.scm.azurewebsites.net" User-Agent="Azure-WebSites-Controller/105.0.7.62" Authorization="Bas..." Expect="100-continue" Content-Length="91" x-ms-request-id="a282d906-8d1c-468e-af14-60dac329ab94" X-ARR-LOG-ID="a282d906-8d1c-468e-af14-60dac329ab94" CLIENT-IP="20.115.232.20:2695" X-SITE-DEPLOYMENT-ID="dbi-operations-hub" WAS-DEFAULT-HOSTNAME="dbi-operations-hub.scm.azurewebsites.net" X-MS-PLATFORM-INTERNAL="True" X-Forwarded-Proto="https" X-AppService-Proto="https" X-Forwarded-TlsVersion="1.3" X-WAWS-Unencoded-URL="/deploy?scmType=ExternalGit&amp;isAsync=true" X-Client-IP="20.115.232.20" X-Client-Port="2695" >
  <step title="Cleanup Xml Logs" date="2025-09-03T21:02:04.121" /><!-- duration: 28ms -->
  <step title="FetchHandler" date="2025-09-03T21:02:04.193" >
    <step title="Executing external process" date="2025-09-03T21:02:04.215" type="process" path="git" arguments="rev-parse --git-dir" /><!-- duration: 38ms -->
    <step title="Executing external process" date="2025-09-03T21:02:04.257" type="process" path="git" arguments="rev-parse --git-dir" /><!-- duration: 13ms -->
    <step title="Executing external process" date="2025-09-03T21:02:04.274" type="process" path="git" arguments="log -n 1 main --" /><!-- duration: 52ms -->
    <step title="Start deployment in the background" date="2025-09-03T21:02:04.331" >
      <step title="Executing external process" date="2025-09-03T21:02:04.348" type="process" path="git" arguments="rev-parse --git-dir" /><!-- duration: 33ms -->
      <step title="Executing external process" date="2025-09-03T21:02:04.396" type="process" path="git" arguments="rev-parse --git-dir" /><!-- duration: 39ms -->
      <step title="Executing external process" date="2025-09-03T21:02:04.444" type="process" path="git" arguments="log -n 1 main --" /><!-- duration: 126ms -->
      <step title="Acquiring Deployment Lock" date="2025-09-03T21:02:04.581" /><!-- duration: 17ms -->
      <step title="Acquired Deployment Lock" date="2025-09-03T21:02:04.637" /><!-- duration: 13ms -->
    </step><!-- duration: 412ms -->
  </step><!-- duration: 553ms -->
  <step title="Outgoing response" date="2025-09-03T21:02:04.749" type="response" statusCode="202" statusText="Accepted" /><!-- duration: 11ms -->
</step><!-- duration: 649ms -->
