<step title="BackgroundTrace" date="2025-09-03T21:06:17.602" instance="88792b" url="/api/zipdeploy" method="POST" >
  <step title="Cleanup Xml Logs" date="2025-09-03T21:06:17.614" /><!-- duration: 9ms -->
  <step title="Creating temporary deployment - FetchDeploymentManager" date="2025-09-03T21:06:17.698" /><!-- duration: 5ms -->
  <step title="Creating temporary deployment" date="2025-09-03T21:06:17.706" /><!-- duration: 52ms -->
  <step title="Performing fetch based deployment" date="2025-09-03T21:06:17.850" >
    <step title="Cleaning up temp folders from previous zip deployments and extracting pushed zip file /tmp/zipdeploy/e7f985ec-f002-43aa-a3ce-5c3d5deb4a34.zip (29.73 MB) to /tmp/zipdeploy/extracted" date="2025-09-03T21:06:19.028" >
      <step title="ChmodRecursive Process exited with total time taken in ms: 44" date="2025-09-03T21:06:20.625" /><!-- duration: 12ms -->
    </step><!-- duration: 1613ms -->
    <step title="Deployment timer started" date="2025-09-03T21:06:22.663" >
      <step title="DeploymentManager.Deploy(id:733ec387-bd81-4b2f-9d38-a1413911c41f)" date="2025-09-03T21:06:22.672" >
        <step title="Collecting changeset information" date="2025-09-03T21:06:22.691" /><!-- duration: 91ms -->
        <step title="Updating submodules" date="2025-09-03T21:06:22.787" /><!-- duration: 1123ms -->
        <step title="Determining deployment builder" date="2025-09-03T21:06:24.405" >
          <step title="Builder is OryxBuilder" date="2025-09-03T21:06:24.414" /><!-- duration: 8ms -->
        </step><!-- duration: 20ms -->
        <step title="PreDeployment: context.CleanOutputPath False" date="2025-09-03T21:06:24.477" >
          <step title="PreDeployment: context.OutputPath /home/site/wwwroot" date="2025-09-03T21:06:24.590" >
            <step title="Building" date="2025-09-03T21:06:24.754" >
              <step title="Executing external process" date="2025-09-03T21:06:25.045" type="process" path="bash" arguments="-c &quot;oryx build /tmp/zipdeploy/extracted -o /home/site/wwwroot --platform python --platform-version 3.9 -p virtualenv_name=antenv --log-file /tmp/build-debug.log  -i /tmp/8ddeb2dbda67d5d --compress-destination-dir | tee /tmp/oryx-build.log ; exit $PIPESTATUS &quot;" >
                <step title="Cpu: python(1416,45.740s)+ts(1417,0.090s)+build.sh(1415,0.000s)+build.sh(1414,0.000s)+build.sh(1333,0.050s)+oryx(1315,4.870s)+tee(1316,0.000s)+bash(1314,0.000s)=total(50.750s)" date="2025-09-03T21:07:45.686" /><!-- duration: 32ms -->
                <step title="bash: no io activity for 61s, prev-cpu=-1.000s, current-cpu=50.750s" date="2025-09-03T21:07:45.774" /><!-- duration: 40ms -->
              </step><!-- duration: 176592ms -->
              <step title="Using PythonDeploymentLogParser" date="2025-09-03T21:09:22.002" /><!-- duration: 4ms -->
              <step title="Triggering recycle (preview mode disabled)." date="2025-09-03T21:09:23.032" /><!-- duration: 9ms -->
              <step title="Modified file to trigger a restart of the app container." date="2025-09-03T21:09:23.104" /><!-- duration: 3ms -->
              <step title="Skip function trigger and logicapp sync because function is not enabled." date="2025-09-03T21:09:23.110" /><!-- duration: 4ms -->
            </step><!-- duration: 179329ms -->
          </step><!-- duration: 179499ms -->
          <step title="Cleaning up temp files" date="2025-09-03T21:09:24.092" /><!-- duration: 1334ms -->
          <step title="Cleaning up temp files" date="2025-09-03T21:09:25.446" /><!-- duration: 510ms -->
          <step title="Reloading status file with latest updates" date="2025-09-03T21:09:25.988" >
            <step title="WebHooksManager.PublishEventAsync: PostDeployment" date="2025-09-03T21:09:25.993" /><!-- duration: 23ms -->
          </step><!-- duration: 31ms -->
          <step title="Cleaning up temporary deployment - fetch deployment was successful" date="2025-09-03T21:09:26.025" /><!-- duration: 3ms -->
        </step><!-- duration: 181605ms -->
      </step><!-- duration: 183470ms -->
