<step title="BackgroundTrace" date="2025-09-03T21:02:04.334" instance="88792b" url="/deploy" method="POST" >
  <step title="Creating temporary deployment - FetchDeploymentManager" date="2025-09-03T21:02:04.657" /><!-- duration: 12ms -->
  <step title="Creating temporary deployment" date="2025-09-03T21:02:04.673" /><!-- duration: 66ms -->
  <step title="Performing fetch based deployment" date="2025-09-03T21:02:04.858" >
    <step title="Deployment timer started" date="2025-09-03T21:02:16.467" >
      <step title="DeploymentManager.Deploy(id:4720a22d902d3e7a01f006d0af2cf32962b19e50)" date="2025-09-03T21:02:16.510" >
        <step title="Collecting changeset information" date="2025-09-03T21:02:16.535" /><!-- duration: 232ms -->
        <step title="Updating submodules" date="2025-09-03T21:02:16.879" /><!-- duration: 1163ms -->
        <step title="Determining deployment builder" date="2025-09-03T21:02:18.318" >
          <step title="Builder is OryxBuilder" date="2025-09-03T21:02:18.369" /><!-- duration: 10ms -->
        </step><!-- duration: 65ms -->
        <step title="PreDeployment: context.CleanOutputPath False" date="2025-09-03T21:02:18.432" >
          <step title="PreDeployment: context.OutputPath /home/site/wwwroot" date="2025-09-03T21:02:18.547" >
            <step title="Building" date="2025-09-03T21:02:18.691" >
              <step title="Executing external process" date="2025-09-03T21:02:19.148" type="process" path="bash" arguments="-c &quot;oryx build /home/site/repository -o /home/site/wwwroot --platform python --platform-version 3.9 -p virtualenv_name=antenv --log-file /tmp/build-debug.log  -i /tmp/8ddeb2d2aff8b3a --compress-destination-dir | tee /tmp/oryx-build.log ; exit $PIPESTATUS &quot;" /><!-- duration: 131099ms -->
              <step title="Using PythonDeploymentLogParser" date="2025-09-03T21:04:30.546" /><!-- duration: 6ms -->
              <step title="Triggering recycle (preview mode disabled)." date="2025-09-03T21:04:31.659" /><!-- duration: 11ms -->
              <step title="Modified file to trigger a restart of the app container." date="2025-09-03T21:04:31.697" /><!-- duration: 24ms -->
              <step title="Skip function trigger and logicapp sync because function is not enabled." date="2025-09-03T21:04:31.725" /><!-- duration: 11ms -->
            </step><!-- duration: 133784ms -->
          </step><!-- duration: 133930ms -->
          <step title="Cleaning up temp files" date="2025-09-03T21:04:32.480" /><!-- duration: 990ms -->
          <step title="Cleaning up temp files" date="2025-09-03T21:04:33.483" /><!-- duration: 518ms -->
          <step title="Reloading status file with latest updates" date="2025-09-03T21:04:34.061" >
            <step title="WebHooksManager.PublishEventAsync: PostDeployment" date="2025-09-03T21:04:34.070" /><!-- duration: 24ms -->
          </step><!-- duration: 36ms -->
          <step title="Cleaning up temporary deployment - fetch deployment was successful" date="2025-09-03T21:04:34.103" /><!-- duration: 3ms -->
        </step><!-- duration: 135720ms -->
      </step><!-- duration: 137655ms -->
