<step title="BackgroundTrace" date="2025-09-03T20:58:10.252" instance="88792b" url="/deploy" method="POST" >
  <step title="Creating temporary deployment - FetchDeploymentManager" date="2025-09-03T20:58:10.433" /><!-- duration: 3ms -->
  <step title="Creating temporary deployment" date="2025-09-03T20:58:10.441" /><!-- duration: 88ms -->
  <step title="Performing fetch based deployment" date="2025-09-03T20:58:10.695" >
    <step title="Deployment timer started" date="2025-09-03T20:58:41.250" >
      <step title="DeploymentManager.Deploy(id:4720a22d902d3e7a01f006d0af2cf32962b19e50)" date="2025-09-03T20:58:41.259" >
        <step title="Collecting changeset information" date="2025-09-03T20:58:41.316" /><!-- duration: 94ms -->
        <step title="Updating submodules" date="2025-09-03T20:58:41.415" /><!-- duration: 1132ms -->
        <step title="Determining deployment builder" date="2025-09-03T20:58:43.213" >
          <step title="Builder is OryxBuilder" date="2025-09-03T20:58:43.240" /><!-- duration: 20ms -->
        </step><!-- duration: 65ms -->
        <step title="PreDeployment: context.CleanOutputPath False" date="2025-09-03T20:58:43.356" >
          <step title="PreDeployment: context.OutputPath /home/site/wwwroot" date="2025-09-03T20:58:43.699" >
            <step title="Building" date="2025-09-03T20:58:43.940" >
              <step title="Executing external process" date="2025-09-03T20:58:44.267" type="process" path="bash" arguments="-c &quot;oryx build /home/site/repository -o /home/site/wwwroot --platform python --platform-version 3.9 -p virtualenv_name=antenv --log-file /tmp/build-debug.log  -i /tmp/8ddeb2caaca4b4e --compress-destination-dir | tee /tmp/oryx-build.log ; exit $PIPESTATUS &quot;" /><!-- duration: 147376ms -->
              <step title="Using PythonDeploymentLogParser" date="2025-09-03T21:01:12.111" /><!-- duration: 4ms -->
              <step title="Triggering recycle (preview mode disabled)." date="2025-09-03T21:01:13.285" /><!-- duration: 8ms -->
              <step title="Modified file to trigger a restart of the app container." date="2025-09-03T21:01:13.320" /><!-- duration: 12ms -->
              <step title="Skip function trigger and logicapp sync because function is not enabled." date="2025-09-03T21:01:13.352" /><!-- duration: 6ms -->
            </step><!-- duration: 150089ms -->
          </step><!-- duration: 150334ms -->
          <step title="Cleaning up temp files" date="2025-09-03T21:01:14.036" /><!-- duration: 1159ms -->
          <step title="Cleaning up temp files" date="2025-09-03T21:01:15.199" /><!-- duration: 505ms -->
          <step title="Reloading status file with latest updates" date="2025-09-03T21:01:15.726" >
            <step title="WebHooksManager.PublishEventAsync: PostDeployment" date="2025-09-03T21:01:15.731" /><!-- duration: 99ms -->
          </step><!-- duration: 107ms -->
          <step title="Cleaning up temporary deployment - fetch deployment was successful" date="2025-09-03T21:01:15.842" /><!-- duration: 3ms -->
        </step><!-- duration: 152536ms -->
      </step><!-- duration: 154647ms -->
