<step title="Incoming Request" date="2025-09-03T21:06:16.583" instance="88792b" url="/api/zipdeploy?isAsync=true&amp;deployer=GITHUB_ZIP_DEPLOY&amp;message=%7B%22type%22%3A%22deployment%22%2C%22sha%22%3A%2220ff11e99b7e68b7a9827d75a7798cad53c5757b%22%2C%22repoName%22%3A%22dustinpitcher%2Fdbi-operations-hub%22%2C%22actor%22%3A%22dustinpitcher%22%2C%22slotName%22%3A%22production%22%2C%22commitMessage%22%3A%22%F0%9F%94%A7%20Fix%20GitHub%20Actions%20workflow%20-%20Update%20to%20latest%20action%20versions%5Cn%5Cn%E2%9C%85%20Updates%3A%5Cn-%20actions%2Fupload-artifact%40v3%20%E2%86%92%20%40v4%20(fixes%20deprecation%20error)%5Cn-%20actions%2Fdownload-artifact%40v3%20%E2%86%92%20%40v4%20(with%20required%20path%20parameter)%5Cn-%20actions%2Fsetup-python%40v4%20%E2%86%92%20%40v5%20(latest%20version)%5Cn%5Cn%F0%9F%8E%AF%20This%20resolves%20the%20deployment%20failure%20and%20ensures%20compatibility%20with%20current%20GitHub%20Actions%20infrastructure.%22%7D" method="POST" type="request" pid="801,1,7" Host="dbi-operations-hub.scm.azurewebsites.net" User-Agent="GITHUBACTIONS_DeployWebAppToAzure_eba64638a26dd79b1c053492e21d4561d2120a32ccf0ecfdb0234bff683b7100" Authorization="Bas..." Content-Type="application/octet-stream" Cookie="ARRAffinity=88792b837b4de44eba1004ce842f47b2378b7ae95d6de67681373d54802a0f1d;Path=/;HttpOnly;Secure;Domain=dbi-operations-hub.scm.azurewebsites.net; ARRAffinitySameSite=88792b837b4de44eba1004ce842f47b2378b7ae95d6de67681373d54802a0f1d;Path=/;HttpOnly;SameSite=None;Secure;Domain=dbi-operations-hub.scm.azurewebsites.net" Transfer-Encoding="chunked" X-ARR-LOG-ID="46b24f09-92e4-437b-ac0c-762afa6196bd" CLIENT-IP="135.232.200.194:19392" X-SITE-DEPLOYMENT-ID="dbi-operations-hub" WAS-DEFAULT-HOSTNAME="dbi-operations-hub.scm.azurewebsites.net" X-Forwarded-Proto="https" X-AppService-Proto="https" X-Forwarded-TlsVersion="1.3" X-WAWS-Unencoded-URL="/api/zipdeploy?isAsync=true&amp;deployer=GITHUB_ZIP_DEPLOY&amp;message=%7B%22type%22%3A%22deployment%22%2C%22sha%22%3A%2220ff11e99b7e68b7a9827d75a7798cad53c5757b%22%2C%22repoName%22%3A%22dustinpitcher%2Fdbi-operations-hub%22%2C%22actor%22%3A%22dustinpitcher%22%2C%22slotName%22%3A%22production%22%2C%22commitMessage%22%3A%22%F0%9F%94%A7%20Fix%20GitHub%20Actions%20workflow%20-%20Update%20to%20latest%20action%20versions%5Cn%5Cn%E2%9C%85%20Updates%3A%5Cn-%20actions%2Fupload-artifact%40v3%20%E2%86%92%20%40v4%20(fixes%20deprecation%20error)%5Cn-%20actions%2Fdownload-artifact%40v3%20%E2%86%92%20%40v4%20(with%20required%20path%20parameter)%5Cn-%20actions%2Fsetup-python%40v4%20%E2%86%92%20%40v5%20(latest%20version)%5Cn%5Cn%F0%9F%8E%AF%20This%20resolves%20the%20deployment%20failure%20and%20ensures%20compatibility%20with%20current%20GitHub%20Actions%20infrastructure.%22%7D" X-Client-IP="135.232.200.194" X-Client-Port="19392" >
  <step title="ZipPushDeploy" date="2025-09-03T21:06:16.633" >
    <step title="ZipDeploy. Extract zip. Remote build." date="2025-09-03T21:06:16.638" /><!-- duration: 7ms -->
    <step title="None repository commit" date="2025-09-03T21:06:16.649" >
      <step title="Commit id: 733ec387-bd81-4b2f-9d38-a1413911c41f" date="2025-09-03T21:06:16.652" Message="N/A" AuthorName="N/A" AuthorEmail="N/A" /><!-- duration: 6ms -->
    </step><!-- duration: 13ms -->
    <step title="Starting PushDeployAsync" date="2025-09-03T21:06:16.667" /><!-- duration: 3ms -->
    <step title="Writing artifact to /tmp/zipdeploy/e7f985ec-f002-43aa-a3ce-5c3d5deb4a34.zip" date="2025-09-03T21:06:16.678" >
      <step title="Writing multipart request body to /tmp/zipdeploy/e7f985ec-f002-43aa-a3ce-5c3d5deb4a34.zip" date="2025-09-03T21:06:16.682" /><!-- duration: 13ms -->
    </step><!-- duration: 873ms -->
    <step title="Removing previous build artifact&apos;s manifest file" date="2025-09-03T21:06:17.566" >
      <step title="None repository commit" date="2025-09-03T21:06:17.577" >
        <step title="Commit id: 733ec387-bd81-4b2f-9d38-a1413911c41f" date="2025-09-03T21:06:17.580" Message="N/A" AuthorName="N/A" AuthorEmail="N/A" /><!-- duration: 3ms -->
      </step><!-- duration: 10ms -->
      <step title="Start deployment in the background" date="2025-09-03T21:06:17.597" >
        <step title="None repository commit" date="2025-09-03T21:06:17.636" >
          <step title="Commit id: 733ec387-bd81-4b2f-9d38-a1413911c41f" date="2025-09-03T21:06:17.649" Message="N/A" AuthorName="N/A" AuthorEmail="N/A" /><!-- duration: 3ms -->
        </step><!-- duration: 19ms -->
        <step title="Acquiring Deployment Lock" date="2025-09-03T21:06:17.658" /><!-- duration: 4ms -->
        <step title="Acquired Deployment Lock" date="2025-09-03T21:06:17.691" /><!-- duration: 3ms -->
      </step><!-- duration: 173ms -->
    </step><!-- duration: 216ms -->
    <step title="Outgoing response" date="2025-09-03T21:06:17.803" type="response" statusCode="202" statusText="Accepted" /><!-- duration: 19ms -->
  </step><!-- duration: 1198ms -->
