﻿<?xml version="1.0" encoding="utf-8"?>
<deployment>
  <id>733ec387-bd81-4b2f-9d38-a1413911c41f</id>
  <author>N/A</author>
  <deployer>GITHUB_ZIP_DEPLOY</deployer>
  <authorEmail>N/A</authorEmail>
  <message>N/A</message>
  <progress></progress>
  <status>Success</status>
  <statusText></statusText>
  <lastSuccessEndTime>2025-09-03T21:09:23.7442352Z</lastSuccessEndTime>
  <receivedTime>2025-09-03T21:06:22.7277349Z</receivedTime>
  <startTime>2025-09-03T21:06:24.3496415Z</startTime>
  <endTime>2025-09-03T21:09:23.7442352Z</endTime>
  <complete>True</complete>
  <is_temp>False</is_temp>
  <is_readonly>True</is_readonly>
  <buildSummary />
</deployment>